"var","imp","rank"
"age","195.492269263532",1
"triage_MAP","136.640714352717",2
"triage_heartrate","124.479374462122",3
"triage_temperature","100.264125230198",4
"triage_o2sat","57.3407021559189",5
"gender","19.0369873854913",6
"cci_CHF","12.1122767935065",7
"cci_Renal","12.0891813896174",8
"cci_Stroke","7.36630531396396",9
