"var","imp","rank"
"age","251.502788502829",1
"triage_MAP","204.640877761451",2
"triage_heartrate","179.605335467715",3
"triage_temperature","164.421685599357",4
"triage_o2sat","83.4083374365372",5
"gender","27.0243346009398",6
"cci_Renal","22.4701185013706",7
"cci_CHF","20.0561895457276",8
"cci_Stroke","8.16939921917866",9
