"var","imp","rank"
"age","194.047538616892",1
"triage_MAP","136.170279924214",2
"triage_heartrate","125.936277021009",3
"triage_temperature","97.9847030992289",4
"triage_o2sat","60.7700756807423",5
"gender","18.7022044198419",6
"cci_CHF","12.6336298508491",7
"cci_Renal","9.55272665089607",8
"cci_Stroke","8.08087140462472",9
