"var","imp","rank"
"age","241.542072933803",1
"triage_MAP","202.583762260146",2
"triage_heartrate","185.335653444989",3
"triage_temperature","164.479525570065",4
"triage_o2sat","82.3166888418521",5
"cci_Renal","26.7969909228723",6
"gender","26.1614431185405",7
"cci_CHF","22.4893197510627",8
"cci_Stroke","11.276966240923",9
